﻿Actions,Actions Url,WIID,Type,Status,Date
,https://acme-test.uipath.com/work-items/101886968,101886968,WI2,Open,2018-04-29
,https://acme-test.uipath.com/work-items/101886941,101886941,WI3,Open,2023-04-06
,https://acme-test.uipath.com/work-items/101886902,101886902,WI5,Open,2019-09-24
,https://acme-test.uipath.com/work-items/101886980,101886980,WI2,Open,2017-12-15
,https://acme-test.uipath.com/work-items/101887008,101887008,WI1,Open,2017-02-10
,https://acme-test.uipath.com/work-items/101886991,101886991,WI1,Open,2022-07-27
,https://acme-test.uipath.com/work-items/101886918,101886918,WI4,Open,2019-07-13
,https://acme-test.uipath.com/work-items/101886981,101886981,WI2,Open,2019-05-27
,https://acme-test.uipath.com/work-items/101886970,101886970,WI2,Open,2020-05-03
,https://acme-test.uipath.com/work-items/101886938,101886938,WI3,Open,2019-12-03
,https://acme-test.uipath.com/work-items/101886945,101886945,WI2,Open,2023-09-22
,https://acme-test.uipath.com/work-items/101886976,101886976,WI2,Open,2024-03-24
,https://acme-test.uipath.com/work-items/101887005,101887005,WI1,Open,2021-01-03
,https://acme-test.uipath.com/work-items/101886907,101886907,WI5,Open,2023-04-01
,https://acme-test.uipath.com/work-items/101886949,101886949,WI2,Open,2018-01-01
,https://acme-test.uipath.com/work-items/101886998,101886998,WI1,Open,2019-07-26
,https://acme-test.uipath.com/work-items/101886943,101886943,WI2,Open,2018-03-05
,https://acme-test.uipath.com/work-items/101887013,101887013,WI1,Open,2018-10-30
,https://acme-test.uipath.com/work-items/101886973,101886973,WI2,Open,2019-02-16
,https://acme-test.uipath.com/work-items/101886986,101886986,WI1,Open,2019-10-19
,https://acme-test.uipath.com/work-items/101886961,101886961,WI2,Open,2019-05-29
,https://acme-test.uipath.com/work-items/101886989,101886989,WI1,Open,2023-02-27
,https://acme-test.uipath.com/work-items/101887011,101887011,WI1,Open,2022-04-08
,https://acme-test.uipath.com/work-items/101886903,101886903,WI5,Open,2022-06-22
,https://acme-test.uipath.com/work-items/101886988,101886988,WI1,Open,2017-02-25
,https://acme-test.uipath.com/work-items/101886927,101886927,WI4,Open,2021-06-25
,https://acme-test.uipath.com/work-items/101886913,101886913,WI5,Open,2021-11-14
,https://acme-test.uipath.com/work-items/101886899,101886899,WI5,Open,2023-10-29
,https://acme-test.uipath.com/work-items/101886974,101886974,WI2,Open,2018-10-12
,https://acme-test.uipath.com/work-items/101886972,101886972,WI2,Open,2022-02-19
,https://acme-test.uipath.com/work-items/101886919,101886919,WI4,Open,2024-07-08
,https://acme-test.uipath.com/work-items/101887001,101887001,WI1,Open,2018-11-03
,https://acme-test.uipath.com/work-items/101886928,101886928,WI4,Open,2019-07-16
,https://acme-test.uipath.com/work-items/101886925,101886925,WI4,Open,2021-09-10
,https://acme-test.uipath.com/work-items/101886930,101886930,WI3,Open,2021-02-20
,https://acme-test.uipath.com/work-items/101886979,101886979,WI2,Open,2019-05-27
,https://acme-test.uipath.com/work-items/101886985,101886985,WI1,Open,2019-05-03
,https://acme-test.uipath.com/work-items/101886978,101886978,WI2,Open,2023-08-04
,https://acme-test.uipath.com/work-items/101886909,101886909,WI5,Open,2018-09-04
,https://acme-test.uipath.com/work-items/101886962,101886962,WI2,Open,2020-03-23
,https://acme-test.uipath.com/work-items/101886920,101886920,WI4,Open,2023-10-09
,https://acme-test.uipath.com/work-items/101887000,101887000,WI1,Open,2022-11-11
,https://acme-test.uipath.com/work-items/101886917,101886917,WI5,Open,2017-03-27
,https://acme-test.uipath.com/work-items/101886956,101886956,WI2,Open,2018-12-12
,https://acme-test.uipath.com/work-items/101886915,101886915,WI5,Open,2019-12-28
,https://acme-test.uipath.com/work-items/101886992,101886992,WI1,Open,2023-08-25
,https://acme-test.uipath.com/work-items/101887010,101887010,WI1,Open,2017-02-25
,https://acme-test.uipath.com/work-items/101886936,101886936,WI3,Open,2024-02-19
,https://acme-test.uipath.com/work-items/101887002,101887002,WI1,Open,2021-06-10
,https://acme-test.uipath.com/work-items/101886959,101886959,WI2,Open,2017-08-11
,https://acme-test.uipath.com/work-items/101887012,101887012,WI1,Open,2019-02-01
,https://acme-test.uipath.com/work-items/101886908,101886908,WI5,Open,2024-05-03
,https://acme-test.uipath.com/work-items/101886944,101886944,WI2,Open,2024-01-24
,https://acme-test.uipath.com/work-items/101886905,101886905,WI5,Open,2020-04-03
,https://acme-test.uipath.com/work-items/101886922,101886922,WI4,Open,2020-08-27
,https://acme-test.uipath.com/work-items/101887007,101887007,WI1,Open,2019-07-14
,https://acme-test.uipath.com/work-items/101886999,101886999,WI1,Open,2021-09-11
,https://acme-test.uipath.com/work-items/101886934,101886934,WI3,Open,2024-01-08
,https://acme-test.uipath.com/work-items/101886937,101886937,WI3,Open,2021-02-11
,https://acme-test.uipath.com/work-items/101886947,101886947,WI2,Open,2022-03-26
,https://acme-test.uipath.com/work-items/101886942,101886942,WI3,Open,2017-07-31
,https://acme-test.uipath.com/work-items/101886966,101886966,WI2,Open,2020-04-27
,https://acme-test.uipath.com/work-items/101886939,101886939,WI3,Open,2020-08-06
,https://acme-test.uipath.com/work-items/101886952,101886952,WI2,Open,2023-02-24
,https://acme-test.uipath.com/work-items/101886963,101886963,WI2,Open,2022-06-16
,https://acme-test.uipath.com/work-items/101886975,101886975,WI2,Open,2023-06-09
,https://acme-test.uipath.com/work-items/101886965,101886965,WI2,Open,2023-10-12
,https://acme-test.uipath.com/work-items/101886931,101886931,WI3,Open,2019-10-18
,https://acme-test.uipath.com/work-items/101886990,101886990,WI1,Open,2019-04-20
,https://acme-test.uipath.com/work-items/101886904,101886904,WI5,Open,2017-11-15
,https://acme-test.uipath.com/work-items/101887003,101887003,WI1,Open,2017-03-16
,https://acme-test.uipath.com/work-items/101886958,101886958,WI2,Open,2019-09-11
,https://acme-test.uipath.com/work-items/101886946,101886946,WI2,Open,2021-11-27
,https://acme-test.uipath.com/work-items/101886995,101886995,WI1,Open,2024-02-16
,https://acme-test.uipath.com/work-items/101886955,101886955,WI2,Open,2024-03-13
,https://acme-test.uipath.com/work-items/101886993,101886993,WI1,Open,2018-09-29
,https://acme-test.uipath.com/work-items/101886900,101886900,WI5,Open,2020-05-26
,https://acme-test.uipath.com/work-items/101886921,101886921,WI4,Open,2017-06-09
,https://acme-test.uipath.com/work-items/101886933,101886933,WI3,Open,2021-05-23
,https://acme-test.uipath.com/work-items/101886964,101886964,WI2,Open,2023-11-24
,https://acme-test.uipath.com/work-items/101886916,101886916,WI5,Open,2020-05-30
,https://acme-test.uipath.com/work-items/101886932,101886932,WI3,Open,2017-07-01
,https://acme-test.uipath.com/work-items/101886987,101886987,WI1,Open,2019-08-11
,https://acme-test.uipath.com/work-items/101886957,101886957,WI2,Open,2019-11-24
,https://acme-test.uipath.com/work-items/101887004,101887004,WI1,Open,2018-06-15
,https://acme-test.uipath.com/work-items/101886996,101886996,WI1,Open,2024-06-21
,https://acme-test.uipath.com/work-items/101886967,101886967,WI2,Open,2023-09-12
,https://acme-test.uipath.com/work-items/101886948,101886948,WI2,Open,2023-07-02
,https://acme-test.uipath.com/work-items/101886926,101886926,WI4,Open,2022-12-14
,https://acme-test.uipath.com/work-items/101886960,101886960,WI2,Open,2022-12-30
,https://acme-test.uipath.com/work-items/101886994,101886994,WI1,Open,2021-08-15
,https://acme-test.uipath.com/work-items/101886911,101886911,WI5,Open,2022-07-29
,https://acme-test.uipath.com/work-items/101887009,101887009,WI1,Open,2021-02-12
,https://acme-test.uipath.com/work-items/101886940,101886940,WI3,Open,2021-05-19
,https://acme-test.uipath.com/work-items/101886971,101886971,WI2,Open,2021-03-01
,https://acme-test.uipath.com/work-items/101886914,101886914,WI5,Open,2023-03-06
,https://acme-test.uipath.com/work-items/101886977,101886977,WI2,Open,2023-07-30
,https://acme-test.uipath.com/work-items/101886901,101886901,WI5,Open,2017-09-24
,https://acme-test.uipath.com/work-items/101886997,101886997,WI1,Open,2020-09-13
,https://acme-test.uipath.com/work-items/101886923,101886923,WI4,Open,2022-02-09
,https://acme-test.uipath.com/work-items/101886951,101886951,WI2,Open,2020-08-13
,https://acme-test.uipath.com/work-items/101886969,101886969,WI2,Open,2018-06-05
,https://acme-test.uipath.com/work-items/101886924,101886924,WI4,Open,2022-06-14
,https://acme-test.uipath.com/work-items/101886984,101886984,WI2,Open,2023-02-25
,https://acme-test.uipath.com/work-items/101886953,101886953,WI2,Open,2018-09-27
,https://acme-test.uipath.com/work-items/101886935,101886935,WI3,Open,2021-12-08
,https://acme-test.uipath.com/work-items/101886982,101886982,WI2,Open,2023-06-30
,https://acme-test.uipath.com/work-items/101886929,101886929,WI3,Open,2023-06-16
,https://acme-test.uipath.com/work-items/101886983,101886983,WI2,Open,2018-05-10
,https://acme-test.uipath.com/work-items/101886954,101886954,WI2,Open,2019-10-13
,https://acme-test.uipath.com/work-items/101886912,101886912,WI5,Open,2020-10-16
,https://acme-test.uipath.com/work-items/101887014,101887014,WI1,Open,2021-02-21
,https://acme-test.uipath.com/work-items/101887006,101887006,WI1,Open,2023-02-11
,https://acme-test.uipath.com/work-items/101886910,101886910,WI5,Open,2018-12-14
,https://acme-test.uipath.com/work-items/101886906,101886906,WI5,Open,2020-10-19
,https://acme-test.uipath.com/work-items/101886950,101886950,WI2,Open,2023-12-04
,https://acme-test.uipath.com/work-items/101886951,101886951,WI2,Open,2020-08-13
,https://acme-test.uipath.com/work-items/101886969,101886969,WI2,Open,2018-06-05
,https://acme-test.uipath.com/work-items/101886924,101886924,WI4,Open,2022-06-14
,https://acme-test.uipath.com/work-items/101886984,101886984,WI2,Open,2023-02-25
,https://acme-test.uipath.com/work-items/101886953,101886953,WI2,Open,2018-09-27
,https://acme-test.uipath.com/work-items/101886935,101886935,WI3,Open,2021-12-08
,https://acme-test.uipath.com/work-items/101886982,101886982,WI2,Open,2023-06-30
,https://acme-test.uipath.com/work-items/101886929,101886929,WI3,Open,2023-06-16
,https://acme-test.uipath.com/work-items/101886983,101886983,WI2,Open,2018-05-10
,https://acme-test.uipath.com/work-items/101886954,101886954,WI2,Open,2019-10-13
,https://acme-test.uipath.com/work-items/101886912,101886912,WI5,Open,2020-10-16
,https://acme-test.uipath.com/work-items/101887014,101887014,WI1,Open,2021-02-21
,https://acme-test.uipath.com/work-items/101887006,101887006,WI1,Open,2023-02-11
,https://acme-test.uipath.com/work-items/101886910,101886910,WI5,Open,2018-12-14
,https://acme-test.uipath.com/work-items/101886906,101886906,WI5,Open,2020-10-19
,https://acme-test.uipath.com/work-items/101886950,101886950,WI2,Open,2023-12-04
,https://acme-test.uipath.com/work-items/101886951,101886951,WI2,Open,2020-08-13
,https://acme-test.uipath.com/work-items/101886969,101886969,WI2,Open,2018-06-05
,https://acme-test.uipath.com/work-items/101886924,101886924,WI4,Open,2022-06-14
,https://acme-test.uipath.com/work-items/101886984,101886984,WI2,Open,2023-02-25
,https://acme-test.uipath.com/work-items/101886953,101886953,WI2,Open,2018-09-27
,https://acme-test.uipath.com/work-items/101886935,101886935,WI3,Open,2021-12-08
,https://acme-test.uipath.com/work-items/101886982,101886982,WI2,Open,2023-06-30
,https://acme-test.uipath.com/work-items/101886929,101886929,WI3,Open,2023-06-16
,https://acme-test.uipath.com/work-items/101886983,101886983,WI2,Open,2018-05-10
,https://acme-test.uipath.com/work-items/101886954,101886954,WI2,Open,2019-10-13
,https://acme-test.uipath.com/work-items/101886912,101886912,WI5,Open,2020-10-16
,https://acme-test.uipath.com/work-items/101887014,101887014,WI1,Open,2021-02-21
,https://acme-test.uipath.com/work-items/101887006,101887006,WI1,Open,2023-02-11
,https://acme-test.uipath.com/work-items/101886910,101886910,WI5,Open,2018-12-14
,https://acme-test.uipath.com/work-items/101886906,101886906,WI5,Open,2020-10-19
,https://acme-test.uipath.com/work-items/101886950,101886950,WI2,Open,2023-12-04
