{
  "DisplayName": "WorkflowB",
  "Tooltip": null,
  "HelpLink": null,
  "Color": null,
  "OriginalIconFileName": null,
  "Arguments": [
    {
      "Name": "in_Sum",
      "DisplayName": "in_Sum",
      "Category": null,
      "Tooltip": null,
      "Placeholder": null,
      "Widget": "Number",
      "IsRequired": false,
      "IsPrincipal": true,
      "ArgumentType": 0,
      "DataSourceItems": null
    },
    {
      "Name": "Test",
      "DisplayName": "Test",
      "Category": null,
      "Tooltip": null,
      "Placeholder": null,
      "Widget": "Toggle",
      "IsRequired": false,
      "IsPrincipal": true,
      "ArgumentType": 0,
      "DataSourceItems": null
    }
  ]
}